{
  "homeInfo": {
    "title": "首页",
    "href": "page/other/CarParkIndex2.html"
  },
  "logoInfo": {
    "title": "社区物业管理",
    "image": "images/favicon.ico",
    "href": ""
  },
  "menuInfo": [
    {
      "title": "社区物业管理",
      "icon": "fa fa-lemon-o",
      "href": "",
      "target": "_self",
      "child": [
        {
          "title": "车位费查询",
          "href": "page/other/CarParkIndex2.html",
          "icon": "fa fa-dashboard",
          "target": "_self"
        },
        {
          "title": "物业费查询",
          "href": "page/other/PropertyIndex2.html",
          "icon": "fa fa-angle-double-down",
          "target": "_self"
        },
        {
          "title": "我的投诉列表",
          "href": "page/other/ComplaintIndex2.html",
          "icon": "fa fa-dot-circle-o",
          "target": "_self"
        },
        {
          "title": "我的报修列表",
          "href": "page/other/RepairIndex2.html",
          "icon": "fa fa-adn",
          "target": "_self"
        }
      ]
    }
  ]
}