<?xml version="1.0" encoding="UTF-8"?>
<!DOCTYPE mapper PUBLIC "-//mybatis.org//DTD Mapper 3.0//EN" "http://mybatis.org/dtd/mybatis-3-mapper.dtd">
<mapper namespace="com.yx.dao.PropertyTypeMapper">

        <!-- 通用查询映射结果 -->
        <resultMap id="BaseResultMap" type="com.yx.model.PropertyType">
                    <id column="id" property="id"/>
                    <result column="name" property="name"/>
                    <result column="price" property="price"/>
                    <result column="unit" property="unit"/>
                    <result column="remarks" property="remarks"/>
        </resultMap>

        <!-- 通用查询结果列 -->
        <sql id="Base_Column_List">
            id, name, price, unit, remarks
        </sql>

</mapper>